iterations,m1,m2
1000,20056.08984375,16579.134831460673
2000,15258.2470703125,11491.786516853932
3000,12472.673828125,13455.831460674157
4000,12474.7529296875,13138.033707865168
5000,12420.673828125,12970.404494382023
6000,12306.8876953125,12793.898876404495
7000,12180.0,12595.067415730337
8000,12050.8759765625,12401.58426966292
9000,11936.943359375,12222.898876404495
10000,11831.236328125,12056.41573033708
